site_name;site_code;tree_species;year;N_troughfall;NO3_leaching;rainfall;C_N;country_code;country
Riehen Mittelberg;1004;Buche       ;2003;21.43095571;3.488936027;1027.1;1.13369556;CH;Switzerland
Riehen Mittelberg;1004;Buche       ;2004;21.12872429;2.460830587;1027.1;1.13369556;CH;Switzerland
Riehen Mittelberg;1004;Buche       ;2005;20.82649286;0.593950259;1027.1;1.13369556;CH;Switzerland
Riehen Mittelberg;1004;Buche       ;2006;20.52426143;1.315650669;1027.1;1.13369556;CH;Switzerland
Riehen Mittelberg;1004;Buche       ;2007;20.22203;0.485461799;1027.1;1.13369556;CH;Switzerland
Riehen Mittelberg;1004;Buche       ;2008;19.80829667;1.621530941;1027.1;1.13369556;CH;Switzerland
Riehen Mittelberg;1004;Buche       ;2009;19.39456333;1.324976179;1027.1;1.13369556;CH;Switzerland
Riehen Mittelberg;1004;Buche       ;2010;18.98083;0.941793483;1027.1;1.13369556;CH;Switzerland
Riehen Mittelberg;1004;Buche       ;2011;18.883886;0.230767194;1027.1;1.13369556;CH;Switzerland
Riehen Mittelberg;1004;Buche       ;2012;18.786942;0.147152539;1027.1;1.13369556;CH;Switzerland
Riehen Mittelberg;1004;Buche       ;2013;18.689998;0.91699196;1027.1;1.13369556;CH;Switzerland
Riehen Mittelberg;1004;Buche       ;2014;18.593054;3.604827238;1027.1;1.13369556;CH;Switzerland
Riehen Mittelberg;1004;Buche       ;2015;18.49611;16.14659772;1027.1;1.13369556;CH;Switzerland
Riehen Mittelberg;1004;Buche       ;2016;18.49611;8.112425597;1027.1;1.13369556;CH;Switzerland
Riehen Mittelberg;1004;Buche       ;2017;18.49611;2.689959964;1027.1;1.13369556;CH;Switzerland
Riehen Mittelberg;1004;Buche       ;2018;18.49611;0.816012523;1027.1;1.13369556;CH;Switzerland
Riehen Mittelberg;1004;Buche       ;2019;18.49611;0.742164486;1027.1;1.13369556;CH;Switzerland
Allschwil;1009;Fichte      ;2007;26.43619351;65.68214599;915.09;1.12530327;CH;Switzerland
Allschwil;1009;Fichte      ;2008;26.35177024;46.24696972;915.09;1.12530327;CH;Switzerland
Allschwil;1009;Fichte      ;2009;26.26734698;38.49604353;915.09;1.12530327;CH;Switzerland
Allschwil;1009;Fichte      ;2010;26.18292372;84.26811018;915.09;1.12530327;CH;Switzerland
Allschwil;1009;Fichte      ;2011;26.062704;85.89144382;915.09;1.12530327;CH;Switzerland
Allschwil;1009;Fichte      ;2012;25.94248428;147.2640711;915.09;1.12530327;CH;Switzerland
Allschwil;1009;Fichte      ;2013;25.82226457;105.5836359;915.09;1.12530327;CH;Switzerland
Allschwil;1009;Fichte      ;2014;25.70204485;35.23903333;915.09;1.12530327;CH;Switzerland
Allschwil;1009;Fichte      ;2015;25.58182513;17.25698557;915.09;1.12530327;CH;Switzerland
Allschwil;1009;Fichte      ;2016;25.58182513;18.72213038;915.09;1.12530327;CH;Switzerland
Allschwil;1009;Fichte      ;2017;25.58182513;9.142112672;915.09;1.12530327;CH;Switzerland
Allschwil;1009;Fichte      ;2018;25.58182513;12.44004355;915.09;1.12530327;CH;Switzerland
Allschwil;1009;Fichte      ;2019;25.58182513;4.979836679;915.09;1.12530327;CH;Switzerland
Muttenz unten;1012;Buche       ;2005;23.13317714;0.197415185;985.7392;1.323437416;CH;Switzerland
Muttenz unten;1012;Buche       ;2006;22.79860857;0.558885609;985.7392;1.323437416;CH;Switzerland
Muttenz unten;1012;Buche       ;2007;22.46404;0.469784034;985.7392;1.323437416;CH;Switzerland
Muttenz unten;1012;Buche       ;2008;22.13541;0.680347922;985.7392;1.323437416;CH;Switzerland
Muttenz unten;1012;Buche       ;2009;21.80678;0.534177957;985.7392;1.323437416;CH;Switzerland
Muttenz unten;1012;Buche       ;2010;21.47815;0.518724775;985.7392;1.323437416;CH;Switzerland
Muttenz unten;1012;Buche       ;2011;21.419502;0.212038504;985.7392;1.323437416;CH;Switzerland
Muttenz unten;1012;Buche       ;2012;21.360854;0.151006906;985.7392;1.323437416;CH;Switzerland
Muttenz unten;1012;Buche       ;2013;21.302206;2.852335367;985.7392;1.323437416;CH;Switzerland
Muttenz unten;1012;Buche       ;2014;21.243558;2.171063527;985.7392;1.323437416;CH;Switzerland
Muttenz unten;1012;Buche       ;2015;21.18491;0.387909143;985.7392;1.323437416;CH;Switzerland
Muttenz unten;1012;Buche       ;2016;21.18491;9.494331774;985.7392;1.323437416;CH;Switzerland
Muttenz unten;1012;Buche       ;2017;21.18491;1.540054496;985.7392;1.323437416;CH;Switzerland
Muttenz unten;1012;Buche       ;2018;21.18491;0.109308621;985.7392;1.323437416;CH;Switzerland
Muttenz unten;1012;Buche       ;2019;21.18491;0.018939181;985.7392;1.323437416;CH;Switzerland
Pratteln;1014;Buche       ;2003;25.5543;12.79042436;1005.81;1.056687648;CH;Switzerland
Pratteln;1014;Buche       ;2004;25.32845;14.38095686;1005.81;1.056687648;CH;Switzerland
Pratteln;1014;Buche       ;2005;25.1026;5.361120932;1005.81;1.056687648;CH;Switzerland
Pratteln;1014;Buche       ;2006;24.87675;4.518772845;1005.81;1.056687648;CH;Switzerland
Pratteln;1014;Buche       ;2007;24.6509;0.387016448;1005.81;1.056687648;CH;Switzerland
Pratteln;1014;Buche       ;2008;26.04769;0.039214545;1005.81;1.056687648;CH;Switzerland
Pratteln;1014;Buche       ;2009;27.44448;0.121760303;1005.81;1.056687648;CH;Switzerland
Pratteln;1014;Buche       ;2010;28.84127;0.158619151;1005.81;1.056687648;CH;Switzerland
Pratteln;1014;Buche       ;2011;28.275324;1.067889564;1005.81;1.056687648;CH;Switzerland
Pratteln;1014;Buche       ;2012;27.709378;0.078869446;1005.81;1.056687648;CH;Switzerland
Pratteln;1014;Buche       ;2013;27.143432;0.138221065;1005.81;1.056687648;CH;Switzerland
Pratteln;1014;Buche       ;2014;26.577486;0.046677693;1005.81;1.056687648;CH;Switzerland
Pratteln;1014;Buche       ;2015;26.01154;0.047764918;1005.81;1.056687648;CH;Switzerland
Pratteln;1014;Buche       ;2016;26.01154;0.136231775;1005.81;1.056687648;CH;Switzerland
Pratteln;1014;Buche       ;2017;26.01154;0.250546809;1005.81;1.056687648;CH;Switzerland
Pratteln;1014;Buche       ;2018;26.01154;0.039992391;1005.81;1.056687648;CH;Switzerland
Pratteln;1014;Buche       ;2019;26.01154;2.219148332;1005.81;1.056687648;CH;Switzerland
Rünenberg;1023;Buche       ;2003;26.45206561;3.187405936;1075.58;1.395054681;CH;Switzerland
Rünenberg;1023;Buche       ;2004;26.10546026;0.853772723;1075.58;1.395054681;CH;Switzerland
Rünenberg;1023;Buche       ;2005;25.7588549;0.371897455;1075.58;1.395054681;CH;Switzerland
Rünenberg;1023;Buche       ;2006;25.41224954;0.236721125;1075.58;1.395054681;CH;Switzerland
Rünenberg;1023;Buche       ;2007;25.06564419;0.132323881;1075.58;1.395054681;CH;Switzerland
Rünenberg;1023;Buche       ;2008;24.26003575;0.039058518;1075.58;1.395054681;CH;Switzerland
Rünenberg;1023;Buche       ;2009;23.45442732;0.033683126;1075.58;1.395054681;CH;Switzerland
Rünenberg;1023;Buche       ;2010;22.64881888;2.267739159;1075.58;1.395054681;CH;Switzerland
Rünenberg;1023;Buche       ;2011;22.31764608;0.328081513;1075.58;1.395054681;CH;Switzerland
Rünenberg;1023;Buche       ;2012;21.98647327;0.079461137;1075.58;1.395054681;CH;Switzerland
Rünenberg;1023;Buche       ;2013;21.65530047;0.063884811;1075.58;1.395054681;CH;Switzerland
Rünenberg;1023;Buche       ;2014;21.32412766;0.054202806;1075.58;1.395054681;CH;Switzerland
Rünenberg;1023;Buche       ;2015;20.99295486;0.04633151;1075.58;1.395054681;CH;Switzerland
Rünenberg;1023;Buche       ;2016;20.99295486;0.101654075;1075.58;1.395054681;CH;Switzerland
Rünenberg;1023;Buche       ;2017;20.99295486;0.089873346;1075.58;1.395054681;CH;Switzerland
Rünenberg;1023;Buche       ;2018;20.99295486;0.019279631;1075.58;1.395054681;CH;Switzerland
Rünenberg;1023;Buche       ;2019;20.99295486;0.016738954;1075.58;1.395054681;CH;Switzerland
Rünenberg;1023;Buche       ;2020;;0.03217325;1075.58;1.395054681;CH;Switzerland
Brislach;1028;Buche       ;2000;23.92313692;9.284484495;1093.719;1.136780909;CH;Switzerland
Brislach;1028;Buche       ;2001;23.72374584;5.659443166;1093.719;1.136780909;CH;Switzerland
Brislach;1028;Buche       ;2002;23.52435477;2.247050412;1093.719;1.136780909;CH;Switzerland
Brislach;1028;Buche       ;2003;23.32496369;4.820683305;1093.719;1.136780909;CH;Switzerland
Brislach;1028;Buche       ;2004;23.12557262;4.554128575;1093.719;1.136780909;CH;Switzerland
Brislach;1028;Buche       ;2005;22.92618154;0.141955257;1093.719;1.136780909;CH;Switzerland
Brislach;1028;Buche       ;2006;22.72679047;0.375724467;1093.719;1.136780909;CH;Switzerland
Brislach;1028;Buche       ;2007;22.52739939;0.108895113;1093.719;1.136780909;CH;Switzerland
Brislach;1028;Buche       ;2008;22.50504304;0.903307963;1093.719;1.136780909;CH;Switzerland
Brislach;1028;Buche       ;2009;22.48268668;0.294935599;1093.719;1.136780909;CH;Switzerland
Brislach;1028;Buche       ;2010;22.46033033;0.306584199;1093.719;1.136780909;CH;Switzerland
Brislach;1028;Buche       ;2011;22.17955681;0.094207351;1093.719;1.136780909;CH;Switzerland
Brislach;1028;Buche       ;2012;21.89878328;0.094840405;1093.719;1.136780909;CH;Switzerland
Brislach;1028;Buche       ;2013;21.61800976;0.227248549;1093.719;1.136780909;CH;Switzerland
Brislach;1028;Buche       ;2014;21.33723623;0.345441046;1093.719;1.136780909;CH;Switzerland
Brislach;1028;Buche       ;2015;21.05646271;0.0651632;1093.719;1.136780909;CH;Switzerland
Brislach;1028;Buche       ;2016;21.05646271;0.146934726;1093.719;1.136780909;CH;Switzerland
Brislach;1028;Buche       ;2017;21.05646271;0.693792668;1093.719;1.136780909;CH;Switzerland
Brislach;1028;Buche       ;2018;21.05646271;0.451002112;1093.719;1.136780909;CH;Switzerland
Brislach;1028;Buche       ;2019;21.05646271;0.305101999;1093.719;1.136780909;CH;Switzerland
Brislach;1029;Fichte      ;1998;28.03607946;5.364915036;1102.789;1.486818954;CH;Switzerland
Brislach;1029;Fichte      ;1999;27.64649314;5.404568377;1102.789;1.486818954;CH;Switzerland
Brislach;1029;Fichte      ;2000;27.25690682;4.133300168;1102.789;1.486818954;CH;Switzerland
Brislach;1029;Fichte      ;2001;27.03933326;5.934323808;1102.789;1.486818954;CH;Switzerland
Brislach;1029;Fichte      ;2002;26.82175971;2.099004921;1102.789;1.486818954;CH;Switzerland
Brislach;1029;Fichte      ;2003;26.60418616;2.060809628;1102.789;1.486818954;CH;Switzerland
Brislach;1029;Fichte      ;2004;26.3866126;7.904815547;1102.789;1.486818954;CH;Switzerland
Brislach;1029;Fichte      ;2005;26.16903905;1.920902457;1102.789;1.486818954;CH;Switzerland
Brislach;1029;Fichte      ;2006;25.9514655;9.040187965;1102.789;1.486818954;CH;Switzerland
Brislach;1029;Fichte      ;2007;25.73389195;1.837621967;1102.789;1.486818954;CH;Switzerland
Brislach;1029;Fichte      ;2008;25.6790038;1.642101316;1102.789;1.486818954;CH;Switzerland
Brislach;1029;Fichte      ;2009;25.62411565;0.396893947;1102.789;1.486818954;CH;Switzerland
Brislach;1029;Fichte      ;2010;25.5692275;0.528970202;1102.789;1.486818954;CH;Switzerland
Brislach;1029;Fichte      ;2011;25.29585652;0.388000446;1102.789;1.486818954;CH;Switzerland
Brislach;1029;Fichte      ;2012;25.02248555;0.542380856;1102.789;1.486818954;CH;Switzerland
Brislach;1029;Fichte      ;2013;24.74911457;0.585265541;1102.789;1.486818954;CH;Switzerland
Brislach;1029;Fichte      ;2014;24.4757436;0.295285741;1102.789;1.486818954;CH;Switzerland
Brislach;1029;Fichte      ;2015;24.20237262;0.059706685;1102.789;1.486818954;CH;Switzerland
Brislach;1029;Fichte      ;2016;24.20237262;0.256379329;1102.789;1.486818954;CH;Switzerland
Brislach;1029;Fichte      ;2017;24.20237262;0.002545284;1102.789;1.486818954;CH;Switzerland
Brislach;1029;Fichte      ;2018;24.20237262;1.364358611;1102.789;1.486818954;CH;Switzerland
Brislach;1029;Fichte      ;2019;24.20237262;0.22308587;1102.789;1.486818954;CH;Switzerland
Brislach;1029;Fichte      ;2020;;0.060738085;1102.789;1.486818954;CH;Switzerland
Olsberg;1044;Buche       ;2005;24.74671388;0.099633921;995.859;1.512358822;CH;Switzerland
Olsberg;1044;Buche       ;2006;24.35846991;0.156399657;995.859;1.512358822;CH;Switzerland
Olsberg;1044;Buche       ;2007;23.97022595;0.112348626;995.859;1.512358822;CH;Switzerland
Olsberg;1044;Buche       ;2008;23.579055;0.085413176;995.859;1.512358822;CH;Switzerland
Olsberg;1044;Buche       ;2009;23.18788404;0.060484106;995.859;1.512358822;CH;Switzerland
Olsberg;1044;Buche       ;2010;22.79671309;0.094238495;995.859;1.512358822;CH;Switzerland
Olsberg;1044;Buche       ;2011;22.40434441;0.051103876;995.859;1.512358822;CH;Switzerland
Olsberg;1044;Buche       ;2012;22.01197574;0.130269981;995.859;1.512358822;CH;Switzerland
Olsberg;1044;Buche       ;2013;21.61960706;0.102773593;995.859;1.512358822;CH;Switzerland
Olsberg;1044;Buche       ;2014;21.22723839;0.079885356;995.859;1.512358822;CH;Switzerland
Olsberg;1044;Buche       ;2015;20.83486971;0.043738785;995.859;1.512358822;CH;Switzerland
Olsberg;1044;Buche       ;2016;20.83486971;0.30588848;995.859;1.512358822;CH;Switzerland
Olsberg;1044;Buche       ;2017;20.83486971;0.131824772;995.859;1.512358822;CH;Switzerland
Olsberg;1044;Buche       ;2018;20.83486971;0.02771239;995.859;1.512358822;CH;Switzerland
Olsberg;1044;Buche       ;2019;20.83486971;0.023325017;995.859;1.512358822;CH;Switzerland
Möhlin Unterforst;1046;Fichte      ;1998;25.66382623;0.219570972;1054.366;1.415125292;CH;Switzerland
Möhlin Unterforst;1046;Fichte      ;1999;25.24804265;1.277029983;1054.366;1.415125292;CH;Switzerland
Möhlin Unterforst;1046;Fichte      ;2000;24.83225907;1.638014438;1054.366;1.415125292;CH;Switzerland
Möhlin Unterforst;1046;Fichte      ;2001;24.55543271;0.68517591;1054.366;1.415125292;CH;Switzerland
Möhlin Unterforst;1046;Fichte      ;2002;24.27860635;0.817082329;1054.366;1.415125292;CH;Switzerland
Möhlin Unterforst;1046;Fichte      ;2003;24.00177999;0.844792878;1054.366;1.415125292;CH;Switzerland
Möhlin Unterforst;1046;Fichte      ;2004;23.72495363;2.632915321;1054.366;1.415125292;CH;Switzerland
Möhlin Unterforst;1046;Fichte      ;2005;23.44812727;2.407329479;1054.366;1.415125292;CH;Switzerland
Möhlin Unterforst;1046;Fichte      ;2006;23.17130091;17.50543097;1054.366;1.415125292;CH;Switzerland
Möhlin Unterforst;1046;Fichte      ;2007;22.89447455;3.934110233;1054.366;1.415125292;CH;Switzerland
Möhlin Unterforst;1046;Fichte      ;2008;24.28910639;1.444184419;1054.366;1.415125292;CH;Switzerland
Möhlin Unterforst;1046;Fichte      ;2009;25.68373823;3.083372283;1054.366;1.415125292;CH;Switzerland
Möhlin Unterforst;1046;Fichte      ;2010;27.07837007;4.062367355;1054.366;1.415125292;CH;Switzerland
Möhlin Unterforst;1046;Fichte      ;2011;26.71993281;2.328491817;1054.366;1.415125292;CH;Switzerland
Möhlin Unterforst;1046;Fichte      ;2012;26.36149555;9.807893109;1054.366;1.415125292;CH;Switzerland
Möhlin Unterforst;1046;Fichte      ;2013;26.00305829;7.406382685;1054.366;1.415125292;CH;Switzerland
Möhlin Unterforst;1046;Fichte      ;2014;25.64462103;4.238874621;1054.366;1.415125292;CH;Switzerland
Möhlin Unterforst;1046;Fichte      ;2015;25.28618377;5.013005628;1054.366;1.415125292;CH;Switzerland
Möhlin Unterforst;1046;Fichte      ;2016;25.28618377;11.7177165;1054.366;1.415125292;CH;Switzerland
Möhlin Unterforst;1046;Fichte      ;2017;25.28618377;5.522010891;1054.366;1.415125292;CH;Switzerland
Möhlin Unterforst;1046;Fichte      ;2018;25.28618377;3.318027757;1054.366;1.415125292;CH;Switzerland
Möhlin Unterforst;1046;Fichte      ;2019;25.28618377;2.184015903;1054.366;1.415125292;CH;Switzerland
Winterthur;1066;Fichte      ;2004;31.57198781;3.771116141;1178.6;1.149180198;CH;Switzerland
Winterthur;1066;Fichte      ;2005;31.18022643;1.248888072;1178.6;1.149180198;CH;Switzerland
Winterthur;1066;Fichte      ;2006;30.78846505;2.955760975;1178.6;1.149180198;CH;Switzerland
Winterthur;1066;Fichte      ;2007;30.39670367;1.630265426;1178.6;1.149180198;CH;Switzerland
Winterthur;1066;Fichte      ;2008;29.8090399;1.12881473;1178.6;1.149180198;CH;Switzerland
Winterthur;1066;Fichte      ;2009;29.22137612;3.122210448;1178.6;1.149180198;CH;Switzerland
Winterthur;1066;Fichte      ;2010;28.63371235;3.302004276;1178.6;1.149180198;CH;Switzerland
Winterthur;1066;Fichte      ;2011;28.16932215;3.671795015;1178.6;1.149180198;CH;Switzerland
Winterthur;1066;Fichte      ;2012;27.70493196;1.661434926;1178.6;1.149180198;CH;Switzerland
Winterthur;1066;Fichte      ;2013;27.24054176;4.566898408;1178.6;1.149180198;CH;Switzerland
Winterthur;1066;Fichte      ;2014;26.77615156;2.001149446;1178.6;1.149180198;CH;Switzerland
Winterthur;1066;Fichte      ;2015;26.31176137;2.241518922;1178.6;1.149180198;CH;Switzerland
Winterthur;1066;Fichte      ;2016;26.31176137;15.7715188;1178.6;1.149180198;CH;Switzerland
Winterthur;1066;Fichte      ;2017;26.31176137;2.535663466;1178.6;1.149180198;CH;Switzerland
Winterthur;1066;Fichte      ;2018;26.31176137;1.099961259;1178.6;1.149180198;CH;Switzerland
Winterthur;1066;Fichte      ;2019;26.31176137;4.963316116;1178.6;1.149180198;CH;Switzerland
Hinwil;1073;Fichte      ;2003;39.51274286;11.33710444;1556.94;1.49447611;CH;Switzerland
Hinwil;1073;Fichte      ;2004;39.30433714;7.27584444;1556.94;1.49447611;CH;Switzerland
Hinwil;1073;Fichte      ;2005;39.09593143;14.02358264;1556.94;1.49447611;CH;Switzerland
Hinwil;1073;Fichte      ;2006;38.88752571;17.61203344;1556.94;1.49447611;CH;Switzerland
Hinwil;1073;Fichte      ;2007;38.67912;8.986580091;1556.94;1.49447611;CH;Switzerland
Hinwil;1073;Fichte      ;2008;37.97005333;9.300197613;1556.94;1.49447611;CH;Switzerland
Hinwil;1073;Fichte      ;2009;37.26098667;6.804720939;1556.94;1.49447611;CH;Switzerland
Hinwil;1073;Fichte      ;2010;36.55192;17.62640398;1556.94;1.49447611;CH;Switzerland
Hinwil;1073;Fichte      ;2011;36.386538;8.048114091;1556.94;1.49447611;CH;Switzerland
Hinwil;1073;Fichte      ;2012;36.221156;11.29478672;1556.94;1.49447611;CH;Switzerland
Hinwil;1073;Fichte      ;2013;36.055774;21.67987767;1556.94;1.49447611;CH;Switzerland
Hinwil;1073;Fichte      ;2014;35.890392;14.91557861;1556.94;1.49447611;CH;Switzerland
Hinwil;1073;Fichte      ;2015;35.72501;12.99393054;1556.94;1.49447611;CH;Switzerland
Hinwil;1073;Fichte      ;2016;35.72501;14.22176717;1556.94;1.49447611;CH;Switzerland
Hinwil;1073;Fichte      ;2017;35.72501;8.262633547;1556.94;1.49447611;CH;Switzerland
Hinwil;1073;Fichte      ;2018;35.72501;5.945922695;1556.94;1.49447611;CH;Switzerland
Hinwil;1073;Fichte      ;2019;35.72501;7.982886322;1556.94;1.49447611;CH;Switzerland
Bachtel;1074;Buche       ;2000;32.38193853;32.59416305;1879.62;1.568533499;CH;Switzerland
Bachtel;1074;Buche       ;2001;32.06050697;2.690371672;1879.62;1.568533499;CH;Switzerland
Bachtel;1074;Buche       ;2002;31.73907541;8.550585233;1879.62;1.568533499;CH;Switzerland
Bachtel;1074;Buche       ;2003;31.41764386;13.02346582;1879.62;1.568533499;CH;Switzerland
Bachtel;1074;Buche       ;2004;31.0962123;31.11756459;1879.62;1.568533499;CH;Switzerland
Bachtel;1074;Buche       ;2005;30.77478074;47.27648372;1879.62;1.568533499;CH;Switzerland
Bachtel;1074;Buche       ;2006;30.45334918;45.6667246;1879.62;1.568533499;CH;Switzerland
Bachtel;1074;Buche       ;2007;30.13191762;25.46936997;1879.62;1.568533499;CH;Switzerland
Bachtel;1074;Buche       ;2008;28.91266206;16.56719981;1879.62;1.568533499;CH;Switzerland
Bachtel;1074;Buche       ;2009;27.6934065;14.59751453;1879.62;1.568533499;CH;Switzerland
Bachtel;1074;Buche       ;2010;26.47415094;20.19025773;1879.62;1.568533499;CH;Switzerland
Bachtel;1074;Buche       ;2011;26.27486403;6.447731999;1879.62;1.568533499;CH;Switzerland
Bachtel;1074;Buche       ;2012;26.07557711;7.232241338;1879.62;1.568533499;CH;Switzerland
Bachtel;1074;Buche       ;2013;25.8762902;9.129296902;1879.62;1.568533499;CH;Switzerland
Bachtel;1074;Buche       ;2014;25.67700329;3.472567333;1879.62;1.568533499;CH;Switzerland
Bachtel;1074;Buche       ;2015;25.47771637;1.079348892;1879.62;1.568533499;CH;Switzerland
Bachtel;1074;Buche       ;2016;25.47771637;0.151067674;1879.62;1.568533499;CH;Switzerland
Bachtel;1074;Buche       ;2017;25.47771637;0.281120823;1879.62;1.568533499;CH;Switzerland
Bachtel;1074;Buche       ;2018;25.47771637;0.157187165;1879.62;1.568533499;CH;Switzerland
Bachtel;1074;Buche       ;2019;25.47771637;0.263560202;1879.62;1.568533499;CH;Switzerland
Bachtel;1075;Fichte      ;1998;40.05240469;59.74546283;1869.81;1.685777635;CH;Switzerland
Bachtel;1075;Fichte      ;1999;39.43485362;44.43549841;1869.81;1.685777635;CH;Switzerland
Bachtel;1075;Fichte      ;2000;38.81730255;34.15096656;1869.81;1.685777635;CH;Switzerland
Bachtel;1075;Fichte      ;2001;38.4548119;26.78086825;1869.81;1.685777635;CH;Switzerland
Bachtel;1075;Fichte      ;2002;38.09232124;45.88023064;1869.81;1.685777635;CH;Switzerland
Bachtel;1075;Fichte      ;2003;37.72983059;37.51565418;1869.81;1.685777635;CH;Switzerland
Bachtel;1075;Fichte      ;2004;37.36733993;72.58823113;1869.81;1.685777635;CH;Switzerland
Bachtel;1075;Fichte      ;2005;37.00484928;40.2642932;1869.81;1.685777635;CH;Switzerland
Bachtel;1075;Fichte      ;2006;36.64235863;31.38749396;1869.81;1.685777635;CH;Switzerland
Bachtel;1075;Fichte      ;2007;36.27986797;41.25901384;1869.81;1.685777635;CH;Switzerland
Bachtel;1075;Fichte      ;2008;34.65653468;30.31957727;1869.81;1.685777635;CH;Switzerland
Bachtel;1075;Fichte      ;2009;33.0332014;36.47144523;1869.81;1.685777635;CH;Switzerland
Bachtel;1075;Fichte      ;2010;31.40986811;56.19703658;1869.81;1.685777635;CH;Switzerland
Bachtel;1075;Fichte      ;2011;31.14938135;16.99307782;1869.81;1.685777635;CH;Switzerland
Bachtel;1075;Fichte      ;2012;30.8888946;45.27479007;1869.81;1.685777635;CH;Switzerland
Bachtel;1075;Fichte      ;2013;30.62840785;40.12611245;1869.81;1.685777635;CH;Switzerland
Bachtel;1075;Fichte      ;2014;30.36792109;28.46018798;1869.81;1.685777635;CH;Switzerland
Bachtel;1075;Fichte      ;2015;30.10743434;19.58108342;1869.81;1.685777635;CH;Switzerland
Bachtel;1075;Fichte      ;2016;30.10743434;30.09022372;1869.81;1.685777635;CH;Switzerland
Bachtel;1075;Fichte      ;2017;30.10743434;22.29926736;1869.81;1.685777635;CH;Switzerland
Bachtel;1075;Fichte      ;2018;30.10743434;19.54861959;1869.81;1.685777635;CH;Switzerland
Bachtel;1075;Fichte      ;2019;30.10743434;31.66338049;1869.81;1.685777635;CH;Switzerland
Zugerberg Hintergeissboden;1083;Buche/Fichte;2000;34.98478112;9.435856171;1810.906;1.613470443;CH;Switzerland
Zugerberg Hintergeissboden;1083;Buche/Fichte;2001;34.85934501;8.168322211;1810.906;1.613470443;CH;Switzerland
Zugerberg Hintergeissboden;1083;Buche/Fichte;2002;34.7339089;17.2818008;1810.906;1.613470443;CH;Switzerland
Zugerberg Hintergeissboden;1083;Buche/Fichte;2003;34.60847279;8.694712791;1810.906;1.613470443;CH;Switzerland
Zugerberg Hintergeissboden;1083;Buche/Fichte;2004;34.48303669;10.94406653;1810.906;1.613470443;CH;Switzerland
Zugerberg Hintergeissboden;1083;Buche/Fichte;2005;34.35760058;7.725231975;1810.906;1.613470443;CH;Switzerland
Zugerberg Hintergeissboden;1083;Buche/Fichte;2006;34.23216447;4.523996358;1810.906;1.613470443;CH;Switzerland
Zugerberg Hintergeissboden;1083;Buche/Fichte;2007;34.10672836;3.109315641;1810.906;1.613470443;CH;Switzerland
Zugerberg Hintergeissboden;1083;Buche/Fichte;2008;32.37843496;7.651986022;1810.906;1.613470443;CH;Switzerland
Zugerberg Hintergeissboden;1083;Buche/Fichte;2009;30.65014157;6.790300989;1810.906;1.613470443;CH;Switzerland
Zugerberg Hintergeissboden;1083;Buche/Fichte;2010;28.92184817;8.201709799;1810.906;1.613470443;CH;Switzerland
Zugerberg Hintergeissboden;1083;Buche/Fichte;2011;28.47598467;5.750301268;1810.906;1.613470443;CH;Switzerland
Zugerberg Hintergeissboden;1083;Buche/Fichte;2012;28.03012116;6.123203362;1810.906;1.613470443;CH;Switzerland
Zugerberg Hintergeissboden;1083;Buche/Fichte;2013;27.58425766;7.422620032;1810.906;1.613470443;CH;Switzerland
Zugerberg Hintergeissboden;1083;Buche/Fichte;2014;27.13839415;6.967812068;1810.906;1.613470443;CH;Switzerland
Zugerberg Hintergeissboden;1083;Buche/Fichte;2015;26.69253064;2.645739957;1810.906;1.613470443;CH;Switzerland
Zugerberg Hintergeissboden;1083;Buche/Fichte;2016;26.69253064;3.352381569;1810.906;1.613470443;CH;Switzerland
Zugerberg Hintergeissboden;1083;Buche/Fichte;2017;26.69253064;4.452765913;1810.906;1.613470443;CH;Switzerland
Zugerberg Hintergeissboden;1083;Buche/Fichte;2018;26.69253064;1.925962477;1810.906;1.613470443;CH;Switzerland
Zugerberg Hintergeissboden;1083;Buche/Fichte;2019;26.69253064;3.392352911;1810.906;1.613470443;CH;Switzerland
Muri;1053;Buche       ;2000;34.17621888;12.02111747;1218.24;1.750117928;CH;Switzerland
Muri;1053;Buche       ;2001;34.03102291;21.41028399;1218.24;1.750117928;CH;Switzerland
Muri;1053;Buche       ;2002;33.88582694;14.07049974;1218.24;1.750117928;CH;Switzerland
Muri;1053;Buche       ;2003;33.74063097;11.06117731;1218.24;1.750117928;CH;Switzerland
Muri;1053;Buche       ;2004;33.595435;4.165375828;1218.24;1.750117928;CH;Switzerland
Muri;1053;Buche       ;2005;33.45023903;4.407936753;1218.24;1.750117928;CH;Switzerland
Muri;1053;Buche       ;2006;33.30504307;5.956848642;1218.24;1.750117928;CH;Switzerland
Muri;1053;Buche       ;2007;33.1598471;5.458150275;1218.24;1.750117928;CH;Switzerland
Muri;1053;Buche       ;2008;33.21461147;13.36210174;1218.24;1.750117928;CH;Switzerland
Muri;1053;Buche       ;2009;33.26937584;2.440643434;1218.24;1.750117928;CH;Switzerland
Muri;1053;Buche       ;2010;33.32414021;1.23074768;1218.24;1.750117928;CH;Switzerland
Muri;1053;Buche       ;2011;32.97050098;2.279730557;1218.24;1.750117928;CH;Switzerland
Muri;1053;Buche       ;2012;32.61686174;11.09173454;1218.24;1.750117928;CH;Switzerland
Muri;1053;Buche       ;2013;32.2632225;24.86530674;1218.24;1.750117928;CH;Switzerland
Muri;1053;Buche       ;2014;31.90958327;12.32141227;1218.24;1.750117928;CH;Switzerland
Muri;1053;Buche       ;2015;31.55594403;32.19307515;1218.24;1.750117928;CH;Switzerland
Muri;1053;Buche       ;2016;31.55594403;16.56109066;1218.24;1.750117928;CH;Switzerland
Muri;1053;Buche       ;2017;31.55594403;22.08603947;1218.24;1.750117928;CH;Switzerland
Muri;1053;Buche       ;2018;31.55594403;11.23576024;1218.24;1.750117928;CH;Switzerland
Muri;1053;Buche       ;2019;31.55594403;3.35975431;1218.24;1.750117928;CH;Switzerland
Muri;1404;Fichte      ;1998;33.436304;42.22220221;1222.903;1.526108053;CH;Switzerland
Muri;1404;Fichte      ;1999;32.907142;23.6361845;1222.903;1.526108053;CH;Switzerland
Muri;1404;Fichte      ;2000;32.37798;21.74951592;1222.903;1.526108053;CH;Switzerland
Muri;1404;Fichte      ;2001;32.22665857;21.06183724;1222.903;1.526108053;CH;Switzerland
Muri;1404;Fichte      ;2002;32.07533714;21.06194434;1222.903;1.526108053;CH;Switzerland
Muri;1404;Fichte      ;2003;31.92401571;14.91829712;1222.903;1.526108053;CH;Switzerland
Muri;1404;Fichte      ;2004;31.77269429;9.488350819;1222.903;1.526108053;CH;Switzerland
Muri;1404;Fichte      ;2005;31.62137286;16.69578056;1222.903;1.526108053;CH;Switzerland
Muri;1404;Fichte      ;2006;31.47005143;6.843995749;1222.903;1.526108053;CH;Switzerland
Muri;1404;Fichte      ;2007;31.31873;3.207330785;1222.903;1.526108053;CH;Switzerland
Muri;1404;Fichte      ;2008;31.30267;5.927678178;1222.903;1.526108053;CH;Switzerland
Muri;1404;Fichte      ;2009;31.28661;14.26265511;1222.903;1.526108053;CH;Switzerland
Muri;1404;Fichte      ;2010;31.27055;25.64122794;1222.903;1.526108053;CH;Switzerland
Muri;1404;Fichte      ;2011;30.98497;26.4765721;1222.903;1.526108053;CH;Switzerland
Muri;1404;Fichte      ;2012;30.69939;28.3611162;1222.903;1.526108053;CH;Switzerland
Muri;1404;Fichte      ;2013;30.41381;38.89855814;1222.903;1.526108053;CH;Switzerland
Muri;1404;Fichte      ;2014;30.12823;29.66482419;1222.903;1.526108053;CH;Switzerland
Muri;1404;Fichte      ;2015;29.84265;42.93973875;1222.903;1.526108053;CH;Switzerland
Muri;1404;Fichte      ;2016;29.84265;34.23957311;1222.903;1.526108053;CH;Switzerland
Muri;1404;Fichte      ;2017;29.84265;36.50694284;1222.903;1.526108053;CH;Switzerland
Muri;1404;Fichte      ;2018;29.84265;33.35406434;1222.903;1.526108053;CH;Switzerland
Zofingen;1052;Buche/Fichte;2005;29.11767859;0.090887682;1280.915;1.702210875;CH;Switzerland
Zofingen;1052;Buche/Fichte;2006;28.81335151;0.337056784;1280.915;1.702210875;CH;Switzerland
Zofingen;1052;Buche/Fichte;2007;28.50902444;0.924405673;1280.915;1.702210875;CH;Switzerland
Zofingen;1052;Buche/Fichte;2008;27.8995869;0.203422534;1280.915;1.702210875;CH;Switzerland
Zofingen;1052;Buche/Fichte;2009;27.29014935;0.158413652;1280.915;1.702210875;CH;Switzerland
Zofingen;1052;Buche/Fichte;2010;26.68071181;0.131986668;1280.915;1.702210875;CH;Switzerland
Zofingen;1052;Buche/Fichte;2011;26.41149056;0.090029526;1280.915;1.702210875;CH;Switzerland
Zofingen;1052;Buche/Fichte;2012;26.14226931;6.40571946;1280.915;1.702210875;CH;Switzerland
Zofingen;1052;Buche/Fichte;2013;25.87304806;6.234449789;1280.915;1.702210875;CH;Switzerland
Zofingen;1052;Buche/Fichte;2014;25.60382681;2.758333053;1280.915;1.702210875;CH;Switzerland
Zofingen;1052;Buche/Fichte;2015;25.33460556;1.619683199;1280.915;1.702210875;CH;Switzerland
Zofingen;1052;Buche/Fichte;2016;25.33460556;3.077394915;1280.915;1.702210875;CH;Switzerland
Zofingen;1052;Buche/Fichte;2017;25.33460556;0.922718468;1280.915;1.702210875;CH;Switzerland
Zofingen;1052;Buche/Fichte;2018;25.33460556;2.596564458;1280.915;1.702210875;CH;Switzerland
Zofingen;1052;Buche/Fichte;2019;25.33460556;2.015188304;1280.915;1.702210875;CH;Switzerland
Aeschi;1039;Buche/Fichte;1998;35.73116173;33.40143294;1142.64;1.833148202;CH;Switzerland
Aeschi;1039;Buche/Fichte;1999;35.28508458;10.29619585;1142.64;1.833148202;CH;Switzerland
Aeschi;1039;Buche/Fichte;2000;34.83900744;7.181997451;1142.64;1.833148202;CH;Switzerland
Aeschi;1039;Buche/Fichte;2001;34.67891786;5.632841124;1142.64;1.833148202;CH;Switzerland
Aeschi;1039;Buche/Fichte;2002;34.51882829;25.64140544;1142.64;1.833148202;CH;Switzerland
Aeschi;1039;Buche/Fichte;2003;34.35873872;6.742170933;1142.64;1.833148202;CH;Switzerland
Aeschi;1039;Buche/Fichte;2004;34.19864914;21.0057453;1142.64;1.833148202;CH;Switzerland
Aeschi;1039;Buche/Fichte;2005;34.03855957;13.6759598;1142.64;1.833148202;CH;Switzerland
Aeschi;1039;Buche/Fichte;2006;33.87847;11.70092642;1142.64;1.833148202;CH;Switzerland
Aeschi;1039;Buche/Fichte;2007;33.71838042;8.49381024;1142.64;1.833148202;CH;Switzerland
Aeschi;1039;Buche/Fichte;2008;34.07207384;1.957306954;1142.64;1.833148202;CH;Switzerland
Aeschi;1039;Buche/Fichte;2009;34.42576726;2.776049048;1142.64;1.833148202;CH;Switzerland
Aeschi;1039;Buche/Fichte;2010;34.77946068;8.232662067;1142.64;1.833148202;CH;Switzerland
Aeschi;1039;Buche/Fichte;2011;34.61867499;1.369279033;1142.64;1.833148202;CH;Switzerland
Aeschi;1039;Buche/Fichte;2012;34.45788929;5.823558183;1142.64;1.833148202;CH;Switzerland
Aeschi;1039;Buche/Fichte;2013;34.29710359;8.9100911;1142.64;1.833148202;CH;Switzerland
Aeschi;1039;Buche/Fichte;2014;34.13631789;3.093204634;1142.64;1.833148202;CH;Switzerland
Aeschi;1039;Buche/Fichte;2015;33.97553219;1.859555056;1142.64;1.833148202;CH;Switzerland
Aeschi;1039;Buche/Fichte;2016;33.97553219;7.818260443;1142.64;1.833148202;CH;Switzerland
Aeschi;1039;Buche/Fichte;2017;33.97553219;7.440764552;1142.64;1.833148202;CH;Switzerland
Aeschi;1039;Buche/Fichte;2018;33.97553219;1.771231705;1142.64;1.833148202;CH;Switzerland
Aeschi;1039;Buche/Fichte;2019;33.97553219;12.85860969;1142.64;1.833148202;CH;Switzerland
Grenchenberg;1038;Buche/Fichte;2000;23.3297257;12.60516692;1783.408;1.289827826;CH;Switzerland
Grenchenberg;1038;Buche/Fichte;2001;23.13803723;9.587642761;1783.408;1.289827826;CH;Switzerland
Grenchenberg;1038;Buche/Fichte;2002;22.94634877;15.86607996;1783.408;1.289827826;CH;Switzerland
Grenchenberg;1038;Buche/Fichte;2003;22.75466031;12.74619798;1783.408;1.289827826;CH;Switzerland
Grenchenberg;1038;Buche/Fichte;2004;22.56297184;15.9568634;1783.408;1.289827826;CH;Switzerland
Grenchenberg;1038;Buche/Fichte;2005;22.37128338;10.76358725;1783.408;1.289827826;CH;Switzerland
Grenchenberg;1038;Buche/Fichte;2006;22.17959492;17.50768081;1783.408;1.289827826;CH;Switzerland
Grenchenberg;1038;Buche/Fichte;2007;21.98790645;13.38902385;1783.408;1.289827826;CH;Switzerland
Grenchenberg;1038;Buche/Fichte;2008;21.17976487;11.21857721;1783.408;1.289827826;CH;Switzerland
Grenchenberg;1038;Buche/Fichte;2009;20.37162329;10.32430821;1783.408;1.289827826;CH;Switzerland
Grenchenberg;1038;Buche/Fichte;2010;19.56348171;4.755877615;1783.408;1.289827826;CH;Switzerland
Grenchenberg;1038;Buche/Fichte;2011;19.19944132;3.188164623;1783.408;1.289827826;CH;Switzerland
Grenchenberg;1038;Buche/Fichte;2012;18.83540092;5.094322293;1783.408;1.289827826;CH;Switzerland
Grenchenberg;1038;Buche/Fichte;2013;18.47136053;5.781320134;1783.408;1.289827826;CH;Switzerland
Grenchenberg;1038;Buche/Fichte;2014;18.10732014;5.164580762;1783.408;1.289827826;CH;Switzerland
Grenchenberg;1038;Buche/Fichte;2015;17.74327975;3.837540007;1783.408;1.289827826;CH;Switzerland
Grenchenberg;1038;Buche/Fichte;2016;17.74327975;2.23556616;1783.408;1.289827826;CH;Switzerland
Grenchenberg;1038;Buche/Fichte;2017;17.74327975;0.897280115;1783.408;1.289827826;CH;Switzerland
Grenchenberg;1038;Buche/Fichte;2018;17.74327975;0.356264186;1783.408;1.289827826;CH;Switzerland
Grenchenberg;1038;Buche/Fichte;2019;17.74327975;0.421656532;1783.408;1.289827826;CH;Switzerland
Zugerb Vordergeissboden;1088;Fichte      ;2003;36.48805278;7.665842454;1708.29;1.418650321;CH;Switzerland
Zugerb Vordergeissboden;1088;Fichte      ;2004;36.30048367;14.15750377;1708.29;1.418650321;CH;Switzerland
Zugerb Vordergeissboden;1088;Fichte      ;2005;36.11291456;8.915178308;1708.29;1.418650321;CH;Switzerland
Zugerb Vordergeissboden;1088;Fichte      ;2006;35.92534545;10.12751853;1708.29;1.418650321;CH;Switzerland
Zugerb Vordergeissboden;1088;Fichte      ;2007;35.73777634;7.022350458;1708.29;1.418650321;CH;Switzerland
Zugerb Vordergeissboden;1088;Fichte      ;2008;34.02093141;4.436107446;1708.29;1.418650321;CH;Switzerland
Zugerb Vordergeissboden;1088;Fichte      ;2009;32.30408649;6.462539962;1708.29;1.418650321;CH;Switzerland
Zugerb Vordergeissboden;1088;Fichte      ;2010;30.58724157;19.39441742;1708.29;1.418650321;CH;Switzerland
Zugerb Vordergeissboden;1088;Fichte      ;2011;29.99307844;8.236628831;1708.29;1.418650321;CH;Switzerland
Zugerb Vordergeissboden;1088;Fichte      ;2012;29.39891532;12.20865232;1708.29;1.418650321;CH;Switzerland
Zugerb Vordergeissboden;1088;Fichte      ;2013;28.80475219;7.985955591;1708.29;1.418650321;CH;Switzerland
Zugerb Vordergeissboden;1088;Fichte      ;2014;28.21058906;6.116568443;1708.29;1.418650321;CH;Switzerland
Zugerb Vordergeissboden;1088;Fichte      ;2015;27.61642593;3.713214612;1708.29;1.418650321;CH;Switzerland
Zugerb Vordergeissboden;1088;Fichte      ;2016;27.61642593;6.885440677;1708.29;1.418650321;CH;Switzerland
Zugerb Vordergeissboden;1088;Fichte      ;2017;27.61642593;3.59360896;1708.29;1.418650321;CH;Switzerland
Zugerb Vordergeissboden;1088;Fichte      ;2018;27.61642593;3.894281;1708.29;1.418650321;CH;Switzerland
Zugerb Vordergeissboden;1088;Fichte      ;2019;27.61642593;6.155754845;1708.29;1.418650321;CH;Switzerland
Breitenbach;1034;Buche       ;2003;24.11780891;0.056651896;1158.049;1.350394806;CH;Switzerland
Breitenbach;1034;Buche       ;2004;24.12816589;0.315006751;1158.049;1.350394806;CH;Switzerland
Breitenbach;1034;Buche       ;2005;24.13852287;0.045436299;1158.049;1.350394806;CH;Switzerland
Breitenbach;1034;Buche       ;2006;24.14887985;0.158762947;1158.049;1.350394806;CH;Switzerland
Breitenbach;1034;Buche       ;2007;24.15923683;0.047849449;1158.049;1.350394806;CH;Switzerland
Breitenbach;1034;Buche       ;2008;23.37135609;0.039994172;1158.049;1.350394806;CH;Switzerland
Breitenbach;1034;Buche       ;2009;22.58347536;0.070861487;1158.049;1.350394806;CH;Switzerland
Breitenbach;1034;Buche       ;2010;21.79559463;0.206959931;1158.049;1.350394806;CH;Switzerland
Breitenbach;1034;Buche       ;2011;21.57113822;0.04414206;1158.049;1.350394806;CH;Switzerland
Breitenbach;1034;Buche       ;2012;21.3466818;0.083546608;1158.049;1.350394806;CH;Switzerland
Breitenbach;1034;Buche       ;2013;21.12222539;0.225694133;1158.049;1.350394806;CH;Switzerland
Breitenbach;1034;Buche       ;2014;20.89776898;0.126309179;1158.049;1.350394806;CH;Switzerland
Breitenbach;1034;Buche       ;2015;20.67331257;0.091662327;1158.049;1.350394806;CH;Switzerland
Breitenbach;1034;Buche       ;2016;20.67331257;0.174870128;1158.049;1.350394806;CH;Switzerland
Breitenbach;1034;Buche       ;2017;20.67331257;0.08245897;1158.049;1.350394806;CH;Switzerland
Breitenbach;1034;Buche       ;2018;20.67331257;0.103903158;1158.049;1.350394806;CH;Switzerland
Breitenbach;1034;Buche       ;2019;20.67331257;0.094596578;1158.049;1.350394806;CH;Switzerland
Rafz;1062;Fichte      ;2004;24.34162562;0.058694023;1080.668;2.026845767;CH;Switzerland
Rafz;1062;Fichte      ;2005;24.0614241;0.081524547;1080.668;2.026845767;CH;Switzerland
Rafz;1062;Fichte      ;2006;23.78122258;0.20999958;1080.668;2.026845767;CH;Switzerland
Rafz;1062;Fichte      ;2007;23.50102106;0.126428424;1080.668;2.026845767;CH;Switzerland
Rafz;1062;Fichte      ;2008;23.46742772;0.088127031;1080.668;2.026845767;CH;Switzerland
Rafz;1062;Fichte      ;2009;23.43383438;0.115412362;1080.668;2.026845767;CH;Switzerland
Rafz;1062;Fichte      ;2010;23.40024104;0.170980903;1080.668;2.026845767;CH;Switzerland
Rafz;1062;Fichte      ;2011;23.44828721;0.109716159;1080.668;2.026845767;CH;Switzerland
Rafz;1062;Fichte      ;2012;23.49633337;0.127438779;1080.668;2.026845767;CH;Switzerland
Rafz;1062;Fichte      ;2013;23.54437954;0.122608884;1080.668;2.026845767;CH;Switzerland
Rafz;1062;Fichte      ;2014;23.5924257;0.016520524;1080.668;2.026845767;CH;Switzerland
Rafz;1062;Fichte      ;2015;23.64047187;0.025183162;1080.668;2.026845767;CH;Switzerland
Rafz;1062;Fichte      ;2016;23.64047187;1.100499656;1080.668;2.026845767;CH;Switzerland
Rafz;1062;Fichte      ;2017;23.64047187;0.013593721;1080.668;2.026845767;CH;Switzerland
Rafz;1062;Fichte      ;2018;23.64047187;0.095566574;1080.668;2.026845767;CH;Switzerland
Rafz;1062;Fichte      ;2019;23.64047187;8.99608895;1080.668;2.026845767;CH;Switzerland
Muri;1054;Fichte      ;2002;38.81482523;23.69598728;1220.6;2.347565589;CH;Switzerland
Muri;1054;Fichte      ;2003;38.66243778;13.55247968;1220.6;2.347565589;CH;Switzerland
Muri;1054;Fichte      ;2004;38.51005033;21.62078333;1220.6;2.347565589;CH;Switzerland
Muri;1054;Fichte      ;2005;38.35766289;19.66842462;1220.6;2.347565589;CH;Switzerland
Muri;1054;Fichte      ;2006;38.20527544;20.3867653;1220.6;2.347565589;CH;Switzerland
Muri;1054;Fichte      ;2007;38.052888;16.92124645;1220.6;2.347565589;CH;Switzerland
Muri;1054;Fichte      ;2008;38.00770779;5.304182834;1220.6;2.347565589;CH;Switzerland
Muri;1054;Fichte      ;2009;37.96252758;7.920825557;1220.6;2.347565589;CH;Switzerland
Muri;1054;Fichte      ;2010;37.91734737;5.518041809;1220.6;2.347565589;CH;Switzerland
Muri;1054;Fichte      ;2011;37.5886188;4.011696918;1220.6;2.347565589;CH;Switzerland
Muri;1054;Fichte      ;2012;37.25989024;6.338495281;1220.6;2.347565589;CH;Switzerland
Muri;1054;Fichte      ;2013;36.93116167;13.61906207;1220.6;2.347565589;CH;Switzerland
Muri;1054;Fichte      ;2014;36.60243311;13.80594331;1220.6;2.347565589;CH;Switzerland
Muri;1054;Fichte      ;2015;36.27370454;8.849937065;1220.6;2.347565589;CH;Switzerland
Muri;1054;Fichte      ;2016;36.27370454;31.13859063;1220.6;2.347565589;CH;Switzerland
Muri;1054;Fichte      ;2017;36.27370454;12.7377744;1220.6;2.347565589;CH;Switzerland
Muri;1054;Fichte      ;2018;36.27370454;8.824596646;1220.6;2.347565589;CH;Switzerland
Muri;1054;Fichte      ;2019;36.27370454;5.75621574;1220.6;2.347565589;CH;Switzerland
Aarwangen;1090;Buche       ;2003;28.61816809;2.172659535;1155.734;1.373481433;CH;Switzerland
Aarwangen;1090;Buche       ;2004;28.42056745;1.885854761;1155.734;1.373481433;CH;Switzerland
Aarwangen;1090;Buche       ;2005;28.2229668;3.703269881;1155.734;1.373481433;CH;Switzerland
Aarwangen;1090;Buche       ;2006;28.02536616;4.356286852;1155.734;1.373481433;CH;Switzerland
Aarwangen;1090;Buche       ;2007;27.82776551;13.14815414;1155.734;1.373481433;CH;Switzerland
Aarwangen;1090;Buche       ;2008;27.34189528;6.466576373;1155.734;1.373481433;CH;Switzerland
Aarwangen;1090;Buche       ;2009;26.85602504;1.994830631;1155.734;1.373481433;CH;Switzerland
Aarwangen;1090;Buche       ;2010;26.37015481;1.68856626;1155.734;1.373481433;CH;Switzerland
Aarwangen;1090;Buche       ;2011;26.26518814;2.01859187;1155.734;1.373481433;CH;Switzerland
Aarwangen;1090;Buche       ;2012;26.16022148;1.966463138;1155.734;1.373481433;CH;Switzerland
Aarwangen;1090;Buche       ;2013;26.05525481;8.407516172;1155.734;1.373481433;CH;Switzerland
Aarwangen;1090;Buche       ;2014;25.95028814;7.36479889;1155.734;1.373481433;CH;Switzerland
Aarwangen;1090;Buche       ;2015;25.84532148;15.87767911;1155.734;1.373481433;CH;Switzerland
Aarwangen;1090;Buche       ;2016;25.84532148;25.37902795;1155.734;1.373481433;CH;Switzerland
Aarwangen;1090;Buche       ;2017;25.84532148;14.68728864;1155.734;1.373481433;CH;Switzerland
Aarwangen;1090;Buche       ;2018;25.84532148;6.538884326;1155.734;1.373481433;CH;Switzerland
Aarwangen;1090;Buche       ;2019;25.84532148;1.958438785;1155.734;1.373481433;CH;Switzerland
Busswil;1091;Fichte      ;2005;36.71944628;0.046326401;1299.805;1.798598919;CH;Switzerland
Busswil;1091;Fichte      ;2006;36.44982332;0.121024373;1299.805;1.798598919;CH;Switzerland
Busswil;1091;Fichte      ;2007;36.18020035;0.08852759;1299.805;1.798598919;CH;Switzerland
Busswil;1091;Fichte      ;2008;35.33069856;0.066106018;1299.805;1.798598919;CH;Switzerland
Busswil;1091;Fichte      ;2009;34.48119678;0.056555028;1299.805;1.798598919;CH;Switzerland
Busswil;1091;Fichte      ;2010;33.63169499;0.133866429;1299.805;1.798598919;CH;Switzerland
Busswil;1091;Fichte      ;2011;33.4503204;0.095712636;1299.805;1.798598919;CH;Switzerland
Busswil;1091;Fichte      ;2012;33.2689458;0.155891291;1299.805;1.798598919;CH;Switzerland
Busswil;1091;Fichte      ;2013;33.08757121;0.48579763;1299.805;1.798598919;CH;Switzerland
Busswil;1091;Fichte      ;2014;32.90619661;0.405615325;1299.805;1.798598919;CH;Switzerland
Busswil;1091;Fichte      ;2015;32.72482201;0.250053816;1299.805;1.798598919;CH;Switzerland
Busswil;1091;Fichte      ;2016;32.72482201;0.345257265;1299.805;1.798598919;CH;Switzerland
Busswil;1091;Fichte      ;2017;32.72482201;0.319321292;1299.805;1.798598919;CH;Switzerland
Busswil;1091;Fichte      ;2018;32.72482201;0.225435774;1299.805;1.798598919;CH;Switzerland
Busswil;1091;Fichte      ;2019;32.72482201;0.194553184;1299.805;1.798598919;CH;Switzerland
Frienisberg;1097;Buche/Fichte;1998;31.52753599;36.1725741;1310.76;1.707591211;CH;Switzerland
Frienisberg;1097;Buche/Fichte;1999;31.01045604;15.75349583;1310.76;1.707591211;CH;Switzerland
Frienisberg;1097;Buche/Fichte;2000;30.49337608;35.06218851;1310.76;1.707591211;CH;Switzerland
Frienisberg;1097;Buche/Fichte;2001;30.24092747;28.2363025;1310.76;1.707591211;CH;Switzerland
Frienisberg;1097;Buche/Fichte;2002;29.98847886;35.01597173;1310.76;1.707591211;CH;Switzerland
Frienisberg;1097;Buche/Fichte;2003;29.73603024;23.17169134;1310.76;1.707591211;CH;Switzerland
Frienisberg;1097;Buche/Fichte;2004;29.48358163;25.43073589;1310.76;1.707591211;CH;Switzerland
Frienisberg;1097;Buche/Fichte;2005;29.23113302;8.632569356;1310.76;1.707591211;CH;Switzerland
Frienisberg;1097;Buche/Fichte;2006;28.9786844;3.471535409;1310.76;1.707591211;CH;Switzerland
Frienisberg;1097;Buche/Fichte;2007;28.72623579;1.634511512;1310.76;1.707591211;CH;Switzerland
Frienisberg;1097;Buche/Fichte;2008;27.67938757;6.087085211;1310.76;1.707591211;CH;Switzerland
Frienisberg;1097;Buche/Fichte;2009;26.63253934;6.871727297;1310.76;1.707591211;CH;Switzerland
Frienisberg;1097;Buche/Fichte;2010;25.58569112;2.727170062;1310.76;1.707591211;CH;Switzerland
Frienisberg;1097;Buche/Fichte;2011;25.34064066;2.381821247;1310.76;1.707591211;CH;Switzerland
Frienisberg;1097;Buche/Fichte;2012;25.0955902;0.942038248;1310.76;1.707591211;CH;Switzerland
Frienisberg;1097;Buche/Fichte;2013;24.85053974;1.072171053;1310.76;1.707591211;CH;Switzerland
Frienisberg;1097;Buche/Fichte;2014;24.60548928;3.98501509;1310.76;1.707591211;CH;Switzerland
Frienisberg;1097;Buche/Fichte;2015;24.36043883;5.846257308;1310.76;1.707591211;CH;Switzerland
Frienisberg;1097;Buche/Fichte;2016;24.36043883;6.308550361;1310.76;1.707591211;CH;Switzerland
Frienisberg;1097;Buche/Fichte;2017;24.36043883;9.510625424;1310.76;1.707591211;CH;Switzerland
Frienisberg;1097;Buche/Fichte;2018;24.36043883;1.862344745;1310.76;1.707591211;CH;Switzerland
Frienisberg;1097;Buche/Fichte;2019;24.36043883;5.046012539;1310.76;1.707591211;CH;Switzerland
Scheidwald unten;1099;Fichte      ;2010;21.31547;0.636697433;1604.892;2.434414061;CH;Switzerland
Scheidwald unten;1099;Fichte      ;2011;20.90552;0.234206289;1604.892;2.434414061;CH;Switzerland
Scheidwald unten;1099;Fichte      ;2012;20.49557;0.128809246;1604.892;2.434414061;CH;Switzerland
Scheidwald unten;1099;Fichte      ;2013;20.08562;0.125643267;1604.892;2.434414061;CH;Switzerland
Scheidwald unten;1099;Fichte      ;2014;19.67567;0.127519256;1604.892;2.434414061;CH;Switzerland
Scheidwald unten;1099;Fichte      ;2015;19.26572;0.039209244;1604.892;2.434414061;CH;Switzerland
Scheidwald unten;1099;Fichte      ;2016;19.26572;0.165052914;1604.892;2.434414061;CH;Switzerland
Scheidwald unten;1099;Fichte      ;2017;19.26572;0.046279456;1604.892;2.434414061;CH;Switzerland
Scheidwald unten;1099;Fichte      ;2018;19.26572;0.048653083;1604.892;2.434414061;CH;Switzerland
Scheidwald unten;1099;Fichte      ;2019;19.26572;0.048485787;1604.892;2.434414061;CH;Switzerland
Wengernalp;1105;Fichte      ;1998;13.631966;2.870398223;1985.982;1.579145623;CH;Switzerland
Wengernalp;1105;Fichte      ;1999;13.339088;1.299405311;1985.982;1.579145623;CH;Switzerland
Wengernalp;1105;Fichte      ;2000;13.04621;0.3941199;1985.982;1.579145623;CH;Switzerland
Wengernalp;1105;Fichte      ;2001;12.96314143;1.327572875;1985.982;1.579145623;CH;Switzerland
Wengernalp;1105;Fichte      ;2002;12.88007286;0.342016681;1985.982;1.579145623;CH;Switzerland
Wengernalp;1105;Fichte      ;2003;12.79700429;0.099565645;1985.982;1.579145623;CH;Switzerland
Wengernalp;1105;Fichte      ;2004;12.71393571;0.159031697;1985.982;1.579145623;CH;Switzerland
Wengernalp;1105;Fichte      ;2005;12.63086714;0.188045302;1985.982;1.579145623;CH;Switzerland
Wengernalp;1105;Fichte      ;2006;12.54779857;0.022242387;1985.982;1.579145623;CH;Switzerland
Wengernalp;1105;Fichte      ;2007;12.46473;0.117027513;1985.982;1.579145623;CH;Switzerland
Wengernalp;1105;Fichte      ;2008;12.05521667;0.089993906;1985.982;1.579145623;CH;Switzerland
Wengernalp;1105;Fichte      ;2009;11.64570333;0.496580343;1985.982;1.579145623;CH;Switzerland
Wengernalp;1105;Fichte      ;2010;11.23619;5.051420598;1985.982;1.579145623;CH;Switzerland
Wengernalp;1105;Fichte      ;2011;11.010072;0.218347225;1985.982;1.579145623;CH;Switzerland
Wengernalp;1105;Fichte      ;2012;10.783954;0.133660416;1985.982;1.579145623;CH;Switzerland
Wengernalp;1105;Fichte      ;2013;10.557836;0.787612843;1985.982;1.579145623;CH;Switzerland
Wengernalp;1105;Fichte      ;2014;10.331718;0.201596505;1985.982;1.579145623;CH;Switzerland
Wengernalp;1105;Fichte      ;2015;10.1056;0.429192187;1985.982;1.579145623;CH;Switzerland
Wengernalp;1105;Fichte      ;2016;10.1056;0.305492569;1985.982;1.579145623;CH;Switzerland
Wengernalp;1105;Fichte      ;2017;10.1056;0.147071163;1985.982;1.579145623;CH;Switzerland
Wengernalp;1105;Fichte      ;2018;10.1056;0.205551503;1985.982;1.579145623;CH;Switzerland
Wengernalp;1105;Fichte      ;2019;10.1056;0.135515296;1985.982;1.579145623;CH;Switzerland
Aeschau;1107;Buche/Fichte;1998;37.89661537;8.153618233;1490.346;1.853535433;CH;Switzerland
Aeschau;1107;Buche/Fichte;1999;37.21349209;2.516861395;1490.346;1.853535433;CH;Switzerland
Aeschau;1107;Buche/Fichte;2000;36.53036882;0.309658583;1490.346;1.853535433;CH;Switzerland
Aeschau;1107;Buche/Fichte;2001;36.53702565;0.481505576;1490.346;1.853535433;CH;Switzerland
Aeschau;1107;Buche/Fichte;2002;36.54368247;1.093254019;1490.346;1.853535433;CH;Switzerland
Aeschau;1107;Buche/Fichte;2003;36.55033929;2.790278398;1490.346;1.853535433;CH;Switzerland
Aeschau;1107;Buche/Fichte;2004;36.55699611;13.18223995;1490.346;1.853535433;CH;Switzerland
Aeschau;1107;Buche/Fichte;2005;36.56365293;34.92644301;1490.346;1.853535433;CH;Switzerland
Aeschau;1107;Buche/Fichte;2006;36.57030975;23.69158457;1490.346;1.853535433;CH;Switzerland
Aeschau;1107;Buche/Fichte;2007;36.57696658;12.8423772;1490.346;1.853535433;CH;Switzerland
Aeschau;1107;Buche/Fichte;2008;34.34567176;10.94190821;1490.346;1.853535433;CH;Switzerland
Aeschau;1107;Buche/Fichte;2009;32.11437695;8.258059581;1490.346;1.853535433;CH;Switzerland
Aeschau;1107;Buche/Fichte;2010;29.88308214;18.85976731;1490.346;1.853535433;CH;Switzerland
Aeschau;1107;Buche/Fichte;2011;29.39855541;4.839098808;1490.346;1.853535433;CH;Switzerland
Aeschau;1107;Buche/Fichte;2012;28.91402867;8.508311727;1490.346;1.853535433;CH;Switzerland
Aeschau;1107;Buche/Fichte;2013;28.42950194;7.817258116;1490.346;1.853535433;CH;Switzerland
Aeschau;1107;Buche/Fichte;2014;27.94497521;0.831394409;1490.346;1.853535433;CH;Switzerland
Aeschau;1107;Buche/Fichte;2015;27.46044848;0.359753315;1490.346;1.853535433;CH;Switzerland
Aeschau;1107;Buche/Fichte;2016;27.46044848;0.584352159;1490.346;1.853535433;CH;Switzerland
Aeschau;1107;Buche/Fichte;2017;27.46044848;1.008298373;1490.346;1.853535433;CH;Switzerland
Aeschau;1107;Buche/Fichte;2018;27.46044848;0.246923067;1490.346;1.853535433;CH;Switzerland
Aeschau;1107;Buche/Fichte;2019;27.46044848;0.540658922;1490.346;1.853535433;CH;Switzerland
Sagno;1122;Fichte      ;2000;41.04063002;45.15571779;2211.723;1.56825973;CH;Switzerland
Sagno;1122;Fichte      ;2001;39.88064749;36.4598226;2211.723;1.56825973;CH;Switzerland
Sagno;1122;Fichte      ;2002;38.72066496;66.46480184;2211.723;1.56825973;CH;Switzerland
Sagno;1122;Fichte      ;2003;37.56068243;12.79916442;2211.723;1.56825973;CH;Switzerland
Sagno;1122;Fichte      ;2004;36.4006999;39.88185494;2211.723;1.56825973;CH;Switzerland
Sagno;1122;Fichte      ;2005;35.24071736;16.44016039;2211.723;1.56825973;CH;Switzerland
Sagno;1122;Fichte      ;2006;34.08073483;56.52688883;2211.723;1.56825973;CH;Switzerland
Sagno;1122;Fichte      ;2007;32.9207523;73.13136264;2211.723;1.56825973;CH;Switzerland
Sagno;1122;Fichte      ;2008;33.29345906;107.995564;2211.723;1.56825973;CH;Switzerland
Sagno;1122;Fichte      ;2009;33.66616581;88.79979187;2211.723;1.56825973;CH;Switzerland
Sagno;1122;Fichte      ;2010;34.03887256;85.86712884;2211.723;1.56825973;CH;Switzerland
Sagno;1122;Fichte      ;2011;33.15822447;47.65042742;2211.723;1.56825973;CH;Switzerland
Sagno;1122;Fichte      ;2012;32.27757637;29.32070282;2211.723;1.56825973;CH;Switzerland
Sagno;1122;Fichte      ;2013;31.39692827;44.42374103;2211.723;1.56825973;CH;Switzerland
Sagno;1122;Fichte      ;2014;30.51628017;13.60966856;2211.723;1.56825973;CH;Switzerland
Sagno;1122;Fichte      ;2015;29.63563208;85.0496812;2211.723;1.56825973;CH;Switzerland
Sagno;1122;Fichte      ;2016;29.63563208;28.16616681;2211.723;1.56825973;CH;Switzerland
Sagno;1122;Fichte      ;2017;29.63563208;18.43600279;2211.723;1.56825973;CH;Switzerland
Sagno;1122;Fichte      ;2018;29.63563208;31.45982551;2211.723;1.56825973;CH;Switzerland
Sagno;1122;Fichte      ;2019;29.63563208;13.25049227;2211.723;1.56825973;CH;Switzerland
Lurengo;1123;Fichte      ;2001;16.07575319;23.14610183;2031.922;2.278413958;CH;Switzerland
Lurengo;1123;Fichte      ;2002;15.82092871;1.159121931;2031.922;2.278413958;CH;Switzerland
Lurengo;1123;Fichte      ;2003;15.56610423;1.839305608;2031.922;2.278413958;CH;Switzerland
Lurengo;1123;Fichte      ;2004;15.31127975;1.574482855;2031.922;2.278413958;CH;Switzerland
Lurengo;1123;Fichte      ;2005;15.05645527;3.99100056;2031.922;2.278413958;CH;Switzerland
Lurengo;1123;Fichte      ;2006;14.80163079;1.441377163;2031.922;2.278413958;CH;Switzerland
Lurengo;1123;Fichte      ;2007;14.54680631;1.501118823;2031.922;2.278413958;CH;Switzerland
Lurengo;1123;Fichte      ;2008;14.84056058;12.65716183;2031.922;2.278413958;CH;Switzerland
Lurengo;1123;Fichte      ;2009;15.13431485;1.594147132;2031.922;2.278413958;CH;Switzerland
Lurengo;1123;Fichte      ;2011;15.17938307;0.674278775;2031.922;2.278413958;CH;Switzerland
Lurengo;1123;Fichte      ;2012;14.93069702;4.801551707;2031.922;2.278413958;CH;Switzerland
Lurengo;1123;Fichte      ;2014;14.43332491;3.453978978;2031.922;2.278413958;CH;Switzerland
Lurengo;1123;Fichte      ;2015;14.18463886;54.73416111;2031.922;2.278413958;CH;Switzerland
Lurengo;1123;Fichte      ;2016;14.18463886;44.66317527;2031.922;2.278413958;CH;Switzerland
Lurengo;1123;Fichte      ;2017;14.18463886;12.18729602;2031.922;2.278413958;CH;Switzerland
Bonfol;1141;Buche       ;2005;17.63575857;0.012849521;1091.359;1.788362696;CH;Switzerland
Bonfol;1141;Buche       ;2006;17.44255429;0.079977051;1091.359;1.788362696;CH;Switzerland
Bonfol;1141;Buche       ;2007;17.24935;0.084566078;1091.359;1.788362696;CH;Switzerland
Bonfol;1141;Buche       ;2008;17.26114333;0.041342399;1091.359;1.788362696;CH;Switzerland
Bonfol;1141;Buche       ;2009;17.27293667;0.042815586;1091.359;1.788362696;CH;Switzerland
Bonfol;1141;Buche       ;2010;17.28473;0.080733808;1091.359;1.788362696;CH;Switzerland
Bonfol;1141;Buche       ;2012;17.69797;0.106592149;1091.359;1.788362696;CH;Switzerland
Bonfol;1141;Buche       ;2013;17.90459;0.149851038;1091.359;1.788362696;CH;Switzerland
Bonfol;1141;Buche       ;2014;18.11121;0.049094164;1091.359;1.788362696;CH;Switzerland
Bonfol;1141;Buche       ;2015;18.31783;0.041089879;1091.359;1.788362696;CH;Switzerland
Bonfol;1141;Buche       ;2016;18.31783;0.114130104;1091.359;1.788362696;CH;Switzerland
Bonfol;1141;Buche       ;2017;18.31783;0.164571086;1091.359;1.788362696;CH;Switzerland
Bonfol;1141;Buche       ;2018;18.31783;0.100729521;1091.359;1.788362696;CH;Switzerland
Bonfol;1141;Buche       ;2019;18.31783;0.294024461;1091.359;1.788362696;CH;Switzerland
Bonfol;1141;Buche       ;2020;;0.059739306;1091.359;1.788362696;CH;Switzerland
Habsburg Kontrolle;1056;Buche       ;2004;26.58879195;1.715718498;1070.017;1.397966751;CH;Switzerland
Habsburg Kontrolle;1056;Buche       ;2005;26.23828186;21.81382784;1070.017;1.397966751;CH;Switzerland
Habsburg Kontrolle;1056;Buche       ;2006;25.88777176;13.07483951;1070.017;1.397966751;CH;Switzerland
Habsburg Kontrolle;1056;Buche       ;2007;25.53726167;13.60135988;1070.017;1.397966751;CH;Switzerland
Habsburg Kontrolle;1056;Buche       ;2008;25.05313244;15.36803436;1070.017;1.397966751;CH;Switzerland
Habsburg Kontrolle;1056;Buche       ;2009;24.56900321;0.599476561;1070.017;1.397966751;CH;Switzerland
Habsburg Kontrolle;1056;Buche       ;2010;24.08487398;0.168981098;1070.017;1.397966751;CH;Switzerland
Habsburg Kontrolle;1056;Buche       ;2011;23.86909432;0.110929314;1070.017;1.397966751;CH;Switzerland
Habsburg Kontrolle;1056;Buche       ;2012;23.65331466;0.335846731;1070.017;1.397966751;CH;Switzerland
Habsburg Kontrolle;1056;Buche       ;2013;23.437535;10.89298699;1070.017;1.397966751;CH;Switzerland
Habsburg Kontrolle;1056;Buche       ;2014;23.22175534;2.006725605;1070.017;1.397966751;CH;Switzerland
Habsburg Kontrolle;1056;Buche       ;2015;23.00597568;0.646334169;1070.017;1.397966751;CH;Switzerland
Habsburg Kontrolle;1056;Buche       ;2016;23.00597568;1.211328919;1070.017;1.397966751;CH;Switzerland
Habsburg Kontrolle;1056;Buche       ;2017;23.00597568;0.325601575;1070.017;1.397966751;CH;Switzerland
Habsburg Kontrolle;1056;Buche       ;2019;23.00597568;0.127500671;1070.017;1.397966751;CH;Switzerland
Habsburg Kontrolle;1056;Buche       ;2020;;0.133911542;1070.017;1.397966751;CH;Switzerland
Diessenhofen;1110;Fichte      ;2007;23.87403999;9.873505054;1033.214;2.198405798;CH;Switzerland
Diessenhofen;1110;Fichte      ;2008;23.77145711;18.67870774;1033.214;2.198405798;CH;Switzerland
Diessenhofen;1110;Fichte      ;2009;23.66887423;12.11546228;1033.214;2.198405798;CH;Switzerland
Diessenhofen;1110;Fichte      ;2010;23.56629134;22.82466394;1033.214;2.198405798;CH;Switzerland
Diessenhofen;1110;Fichte      ;2011;23.46461175;22.58699182;1033.214;2.198405798;CH;Switzerland
Diessenhofen;1110;Fichte      ;2012;23.36293215;26.13001647;1033.214;2.198405798;CH;Switzerland
Diessenhofen;1110;Fichte      ;2013;23.26125255;30.22225124;1033.214;2.198405798;CH;Switzerland
Diessenhofen;1110;Fichte      ;2014;23.15957295;15.31547112;1033.214;2.198405798;CH;Switzerland
Diessenhofen;1110;Fichte      ;2015;23.05789335;14.7868169;1033.214;2.198405798;CH;Switzerland
Diessenhofen;1110;Fichte      ;2016;23.05789335;27.93573728;1033.214;2.198405798;CH;Switzerland
Diessenhofen;1110;Fichte      ;2017;23.05789335;8.987714324;1033.214;2.198405798;CH;Switzerland
Diessenhofen;1110;Fichte      ;2018;23.05789335;11.10169297;1033.214;2.198405798;CH;Switzerland
Diessenhofen;1110;Fichte      ;2019;23.05789335;23.20645968;1033.214;2.198405798;CH;Switzerland
Braunau;1113;Fichte      ;2007;44.55515119;13.78287563;1241.256;1.674422136;CH;Switzerland
Braunau;1113;Fichte      ;2008;43.89240642;6.839995047;1241.256;1.674422136;CH;Switzerland
Braunau;1113;Fichte      ;2009;43.22966164;5.260093718;1241.256;1.674422136;CH;Switzerland
Braunau;1113;Fichte      ;2010;42.56691687;12.31415925;1241.256;1.674422136;CH;Switzerland
Braunau;1113;Fichte      ;2011;42.08946485;7.187973837;1241.256;1.674422136;CH;Switzerland
Braunau;1113;Fichte      ;2012;41.61201283;7.950969123;1241.256;1.674422136;CH;Switzerland
Braunau;1113;Fichte      ;2013;41.13456081;20.46624684;1241.256;1.674422136;CH;Switzerland
Braunau;1113;Fichte      ;2014;40.65710879;8.601039395;1241.256;1.674422136;CH;Switzerland
Braunau;1113;Fichte      ;2015;40.17965677;7.185128875;1241.256;1.674422136;CH;Switzerland
Braunau;1113;Fichte      ;2016;40.17965677;5.157319353;1241.256;1.674422136;CH;Switzerland
Braunau;1113;Fichte      ;2017;40.17965677;2.09021251;1241.256;1.674422136;CH;Switzerland
Braunau;1113;Fichte      ;2018;40.17965677;1.789423495;1241.256;1.674422136;CH;Switzerland
Braunau;1113;Fichte      ;2019;40.17965677;5.771243324;1241.256;1.674422136;CH;Switzerland
Le Châtelard;1117;Fichte      ;2007;35.16880566;1.615206527;1576.009;1.922696263;CH;Switzerland
Le Châtelard;1117;Fichte      ;2008;34.39671912;0.91377852;1576.009;1.922696263;CH;Switzerland
Le Châtelard;1117;Fichte      ;2009;33.62463257;0.704432493;1576.009;1.922696263;CH;Switzerland
Le Châtelard;1117;Fichte      ;2010;32.85254602;0.412195817;1576.009;1.922696263;CH;Switzerland
Le Châtelard;1117;Fichte      ;2011;32.78741479;0.28062773;1576.009;1.922696263;CH;Switzerland
Le Châtelard;1117;Fichte      ;2012;32.72228355;0.176582969;1576.009;1.922696263;CH;Switzerland
Le Châtelard;1117;Fichte      ;2013;32.65715232;0.597569743;1576.009;1.922696263;CH;Switzerland
Le Châtelard;1117;Fichte      ;2014;32.59202108;0.314203288;1576.009;1.922696263;CH;Switzerland
Le Châtelard;1117;Fichte      ;2015;32.52688985;0.266373778;1576.009;1.922696263;CH;Switzerland
Le Châtelard;1117;Fichte      ;2016;32.52688985;0.327303031;1576.009;1.922696263;CH;Switzerland
Le Châtelard;1117;Fichte      ;2017;32.52688985;0.587539346;1576.009;1.922696263;CH;Switzerland
Le Châtelard;1117;Fichte      ;2018;32.52688985;0.350620391;1576.009;1.922696263;CH;Switzerland
Le Châtelard;1117;Fichte      ;2019;32.52688985;1.38444147;1576.009;1.922696263;CH;Switzerland
Oberschrot;1118;Buche/Fichte;2007;28.92552852;0.066747982;1441.802;1.678714029;CH;Switzerland
Oberschrot;1118;Buche/Fichte;2008;27.58041837;0.03004562;1441.802;1.678714029;CH;Switzerland
Oberschrot;1118;Buche/Fichte;2009;26.23530822;0.075249842;1441.802;1.678714029;CH;Switzerland
Oberschrot;1118;Buche/Fichte;2010;24.89019806;0.066477427;1441.802;1.678714029;CH;Switzerland
Oberschrot;1118;Buche/Fichte;2011;24.80074319;0.260556516;1441.802;1.678714029;CH;Switzerland
Oberschrot;1118;Buche/Fichte;2012;24.71128832;0.122410078;1441.802;1.678714029;CH;Switzerland
Oberschrot;1118;Buche/Fichte;2013;24.62183345;0.075811156;1441.802;1.678714029;CH;Switzerland
Oberschrot;1118;Buche/Fichte;2014;24.53237858;0.131208121;1441.802;1.678714029;CH;Switzerland
Oberschrot;1118;Buche/Fichte;2015;24.44292371;0.050368704;1441.802;1.678714029;CH;Switzerland
Oberschrot;1118;Buche/Fichte;2016;24.44292371;0.189885292;1441.802;1.678714029;CH;Switzerland
Oberschrot;1118;Buche/Fichte;2017;24.44292371;0.035011731;1441.802;1.678714029;CH;Switzerland
Oberschrot;1118;Buche/Fichte;2018;24.44292371;0.043213842;1441.802;1.678714029;CH;Switzerland
Oberschrot;1118;Buche/Fichte;2019;24.44292371;0.05348734;1441.802;1.678714029;CH;Switzerland
Wangen;1080;Buche/Fichte;2009;36.26378739;18.02139489;1159.25;2.165559328;CH;Switzerland
Wangen;1080;Buche/Fichte;2010;36.42120276;25.47530209;1159.25;2.165559328;CH;Switzerland
Wangen;1080;Buche/Fichte;2011;35.50969586;16.85454395;1159.25;2.165559328;CH;Switzerland
Wangen;1080;Buche/Fichte;2012;34.59818895;30.56089189;1159.25;2.165559328;CH;Switzerland
Wangen;1080;Buche/Fichte;2013;33.68668204;28.42703074;1159.25;2.165559328;CH;Switzerland
Wangen;1080;Buche/Fichte;2014;32.77517513;7.567560844;1159.25;2.165559328;CH;Switzerland
Wangen;1080;Buche/Fichte;2015;31.86366822;4.924010624;1159.25;2.165559328;CH;Switzerland
Wangen;1080;Buche/Fichte;2016;31.86366822;33.87471074;1159.25;2.165559328;CH;Switzerland
Wangen;1080;Buche/Fichte;2017;31.86366822;3.693588965;1159.25;2.165559328;CH;Switzerland
Wangen;1080;Buche/Fichte;2018;31.86366822;1.270878453;1159.25;2.165559328;CH;Switzerland
Wangen;1080;Buche/Fichte;2019;31.86366822;8.727669428;1159.25;2.165559328;CH;Switzerland
Gelfingen;1194;Buche       ;2017;37.56594862;0.351683437;;;CH;Switzerland
Gelfingen;1194;Buche       ;2018;37.56594862;1.08301403;;;CH;Switzerland
Gelfingen;1194;Buche       ;2019;37.56594862;0.106580617;;;CH;Switzerland
Grosswangen;1195;Fichte      ;2017;51.58119331;0.277973319;;;CH;Switzerland
Grosswangen;1195;Fichte      ;2018;51.58119331;0.460867586;;;CH;Switzerland
Grosswangen;1195;Fichte      ;2019;51.58119331;0.429550874;;;CH;Switzerland
Beromünster;1196;Fichte      ;2017;81.20362725;19.44134625;;;CH;Switzerland
Beromünster;1196;Fichte      ;2018;81.20362725;6.085058063;;;CH;Switzerland
Beromünster;1196;Fichte      ;2019;81.20362725;2.344864879;;;CH;Switzerland
Sempach;1197;Buche       ;2017;50.15428412;15.84275468;;;CH;Switzerland
Sempach;1197;Buche       ;2018;50.15428412;16.53489954;;;CH;Switzerland
Sempach;1197;Buche       ;2019;50.15428412;9.263067386;;;CH;Switzerland
Stans;1198;Buche       ;2017;28.28830269;59.92596197;;;CH;Switzerland
Stans;1198;Buche       ;2018;28.28830269;29.8087179;;;CH;Switzerland
Stans;1198;Buche       ;2019;28.28830269;33.04886885;;;CH;Switzerland
Giswil;1199;Buche       ;2017;28.23819204;7.57486219;;;CH;Switzerland
Giswil;1199;Buche       ;2018;28.23819204;7.735295662;;;CH;Switzerland
Giswil;1199;Buche       ;2019;28.23819204;7.359125996;;;CH;Switzerland
Bürglen;1200;Fichte      ;2017;31.47637626;18.54572249;;;CH;Switzerland
Bürglen;1200;Fichte      ;2019;31.47637626;15.38408875;;;CH;Switzerland
Wangen SZ;1201;Buche       ;2017;32.49301378;0.453349469;;;CH;Switzerland
Wangen SZ;1201;Buche       ;2018;32.49301378;0.32848552;;;CH;Switzerland
Wangen SZ;1201;Buche       ;2019;32.49301378;5.673017658;;;CH;Switzerland
